{"cameraMode":{"drawMode":0,"name":"Shaded","section":"Shading Mode"},"sceneLighting":false,"audioPlay":false,"sceneViewState":{"showFog":false,"showMaterialUpdate":false,"showSkybox":false,"showFlares":false,"showImageEffects":false,"showParticleSystems":false},"in2DMode":false,"pivot":{"x":-2.111328125,"y":-0.3603515625,"z":0.302734375},"rotation":{"x":0.08689010143280029,"y":0.001495259813964367,"z":-0.00012967933434993029,"w":0.9962168335914612},"size":14.255026817321778,"orthographic":true}