{"cameraMode":{"drawMode":0,"name":"Shaded","section":"Shading Mode"},"sceneLighting":false,"audioPlay":false,"sceneViewState":{"showFog":false,"showMaterialUpdate":false,"showSkybox":false,"showFlares":false,"showImageEffects":false,"showParticleSystems":false},"in2DMode":false,"pivot":{"x":2.9499998092651369,"y":0.49500006437301638,"z":2.0},"rotation":{"x":0.03445824980735779,"y":0.04495825991034508,"z":-0.0015508380020037294,"w":0.9983932375907898},"size":5.046005725860596,"orthographic":true}