{"cameraMode":{"drawMode":0,"name":"Shaded","section":"Shading Mode"},"sceneLighting":false,"audioPlay":false,"sceneViewState":{"showFog":false,"showMaterialUpdate":false,"showSkybox":false,"showFlares":false,"showImageEffects":false,"showParticleSystems":false},"in2DMode":false,"pivot":{"x":-0.26999998092651369,"y":-2.640000104904175,"z":0.0},"rotation":{"x":-0.31434738636016848,"y":-0.015096747316420079,"z":0.004999594762921333,"w":-0.9491748213768005},"size":5.646979331970215,"orthographic":false}