{"cameraMode":{"drawMode":0,"name":"Shaded","section":"Shading Mode"},"sceneLighting":false,"audioPlay":false,"sceneViewState":{"showFog":false,"showMaterialUpdate":false,"showSkybox":false,"showFlares":false,"showImageEffects":false,"showParticleSystems":false},"in2DMode":false,"pivot":{"x":-0.27459716796875,"y":1.1220703125,"z":0.18359375},"rotation":{"x":-0.06775656342506409,"y":-0.011377448216080666,"z":0.000772429455537349,"w":-0.9976367354393005},"size":18.673629760742189,"orthographic":true}