{"cameraMode":{"drawMode":0,"name":"Shaded","section":"Shading Mode"},"sceneLighting":false,"audioPlay":false,"sceneViewState":{"showFog":false,"showMaterialUpdate":false,"showSkybox":false,"showFlares":false,"showImageEffects":false,"showParticleSystems":false},"in2DMode":false,"pivot":{"x":0.0469970703125,"y":-0.04351806640625,"z":0.6768798828125},"rotation":{"x":0.18965750932693482,"y":-0.7746721506118774,"z":0.2731589674949646,"w":0.5378636121749878},"size":2.212125062942505,"orthographic":true}